{
    "add_command": [
        {
            "command_arity": -1,
            "command_name": "rg.jexecute",
            "first_key": 0,
            "flags": [
                "readonly"
            ],
            "last_key": 0,
            "step": -1
        },
        {
            "command_arity": -1,
            "command_name": "rg.jdumpsessions",
            "first_key": 0,
            "flags": [
                "readonly"
            ],
            "last_key": 0,
            "step": 0
        }
    ],
    "architecture": "x86_64",
    "author": "RedisLabs",
    "capabilities": [
        "types",
        "crdb",
        "failover_migrate",
        "persistence_aof",
        "persistence_rdb",
        "clustering",
        "backup_restore",
        "reshard_rebalance",
        "eviction_expiry",
        "intershard_tls",
        "intershard_tls_pass"
    ],
    "command_line_args": "Plugin gears_python CreateVenv 1",
    "commands": [
        {
            "command_arity": -1,
            "command_name": "rg.dropexecution",
            "first_key": 0,
            "flags": [
                "readonly"
            ],
            "last_key": 0,
            "step": 0
        },
        {
            "command_arity": -1,
            "command_name": "rg.trigger",
            "first_key": 2,
            "flags": [
                "readonly"
            ],
            "last_key": 2,
            "step": 1
        },
        {
            "command_arity": -1,
            "command_name": "rg.pystats",
            "first_key": 0,
            "flags": [
                "readonly"
            ],
            "last_key": 0,
            "step": 0
        },
        {
            "command_arity": -1,
            "command_name": "rg.unregister",
            "first_key": 0,
            "flags": [
                "readonly"
            ],
            "last_key": 0,
            "step": 0
        },
        {
            "command_arity": -1,
            "command_name": "rg.pyprofile",
            "first_key": 0,
            "flags": [
                "readonly"
            ],
            "last_key": 0,
            "step": 0
        },
        {
            "command_arity": -1,
            "command_name": "rg.clearregistrationsstats",
            "first_key": 0,
            "flags": [
                "readonly"
            ],
            "last_key": 0,
            "step": 0
        },
        {
            "command_arity": -1,
            "command_name": "RG.CLUSTERSETFROMSHARD",
            "first_key": 0,
            "flags": [
                "readonly"
            ],
            "last_key": 0,
            "step": -1
        },
        {
            "command_arity": -1,
            "command_name": "rg.pydumpsessions",
            "first_key": 0,
            "flags": [
                "readonly"
            ],
            "last_key": 0,
            "step": 0
        },
        {
            "command_arity": -1,
            "command_name": "rg.configget",
            "first_key": 0,
            "flags": [
                "readonly"
            ],
            "last_key": 0,
            "step": 0
        },
        {
            "command_arity": -1,
            "command_name": "rg.pyexecute",
            "first_key": 0,
            "flags": [
                "readonly"
            ],
            "last_key": 0,
            "step": 0
        },
        {
            "command_arity": -1,
            "command_name": "rg.pauseregistrations",
            "first_key": 0,
            "flags": [
                "readonly"
            ],
            "last_key": 0,
            "step": 0
        },
        {
            "command_arity": -1,
            "command_name": "rg.pyexportreq",
            "first_key": 0,
            "flags": [
                "readonly"
            ],
            "last_key": 0,
            "step": 0
        },
        {
            "command_arity": -1,
            "command_name": "rg.dumpexecutions",
            "first_key": 0,
            "flags": [
                "readonly"
            ],
            "last_key": 0,
            "step": 0
        },
        {
            "command_arity": -1,
            "command_name": "rg.abortexecution",
            "first_key": 0,
            "flags": [
                "readonly"
            ],
            "last_key": 0,
            "step": 0
        },
        {
            "command_arity": -1,
            "command_name": "RG.INNERHOOK",
            "first_key": 0,
            "flags": [
                "readonly",
                "movablekeys"
            ],
            "last_key": 0,
            "step": 0
        },
        {
            "command_arity": -1,
            "command_name": "rg.triggeronkey",
            "first_key": 2,
            "flags": [
                "readonly"
            ],
            "last_key": 2,
            "step": 1
        },
        {
            "command_arity": -1,
            "command_name": "rg.dumpregistrations",
            "first_key": 0,
            "flags": [
                "readonly"
            ],
            "last_key": 0,
            "step": 0
        },
        {
            "command_arity": -1,
            "command_name": "rg.dumpplugins",
            "first_key": 0,
            "flags": [
                "readonly"
            ],
            "last_key": 0,
            "step": 0
        },
        {
            "command_arity": -1,
            "command_name": "rg.getresultsblocking",
            "first_key": 0,
            "flags": [
                "readonly"
            ],
            "last_key": 0,
            "step": 0
        },
        {
            "command_arity": -1,
            "command_name": "rg.pydumpreqs",
            "first_key": 0,
            "flags": [
                "readonly"
            ],
            "last_key": 0,
            "step": 0
        },
        {
            "command_arity": -1,
            "command_name": "rg.pyimportreq",
            "first_key": 0,
            "flags": [
                "readonly"
            ],
            "last_key": 0,
            "step": 0
        },
        {
            "command_arity": -1,
            "command_name": "rg.clusterset",
            "first_key": 0,
            "flags": [
                "readonly"
            ],
            "last_key": 0,
            "step": -1
        },
        {
            "command_arity": -1,
            "command_name": "rg.pyexecuteremote",
            "first_key": 0,
            "flags": [
                "readonly"
            ],
            "last_key": 0,
            "step": 0
        },
        {
            "command_arity": -1,
            "command_name": "RG.PYIMPORTRETINTERNAL",
            "first_key": 0,
            "flags": [
                "readonly"
            ],
            "last_key": 0,
            "step": 0
        },
        {
            "command_arity": -1,
            "command_name": "rg.getresults",
            "first_key": 0,
            "flags": [
                "readonly"
            ],
            "last_key": 0,
            "step": 0
        },
        {
            "command_arity": -1,
            "command_name": "rg.getexecution",
            "first_key": 0,
            "flags": [
                "readonly"
            ],
            "last_key": 0,
            "step": 0
        },
        {
            "command_arity": -1,
            "command_name": "rg.unpauseregistrations",
            "first_key": 0,
            "flags": [
                "readonly"
            ],
            "last_key": 0,
            "step": 0
        },
        {
            "command_arity": -1,
            "command_name": "rg.jexecute",
            "first_key": 0,
            "flags": [
                "readonly"
            ],
            "last_key": 0,
            "step": -1
        },
        {
            "command_arity": -1,
            "command_name": "rg.jdumpsessions",
            "first_key": 0,
            "flags": [
                "readonly"
            ],
            "last_key": 0,
            "step": 0
        }
    ],
    "config_command": "RG.CONFIGSET",
    "crdb": {},
    "dependencies": {
        "gears_jvm": {
            "sha256": "fcce999a370659f9321ef73c7162ebc8f4f80974a2d84c18723685412a1306a5",
            "url": "http://redismodules.s3.amazonaws.com/redisgears/redisgears-jvm.Linux-ubuntu18.04-x86_64.1.2.3.tgz"
        },
        "gears_python": {
            "sha256": "56b09c9942b25bc0559ff9ab8aa38bfff8df9373e9073ddec9f01b3fb7df420d",
            "url": "http://redismodules.s3.amazonaws.com/redisgears/redisgears-python.Linux-ubuntu18.04-x86_64.1.2.3.tgz"
        }
    },
    "description": "Dynamic execution framework for your Redis data",
    "display_name": "RedisGears",
    "email": "meir@redislabs.com",
    "exclude_commands": [
        "rg.configset",
        "RG.INNERUNREGISTER",
        "RG.INNERREGISTER",
        "RG.INNERMSGCOMMAND",
        "rg.example",
        "rg.refreshcluster",
        "rg.infocluster",
        "rg.hello",
        "rg.networktest",
        "rg.pyfreeinterpreter"
    ],
    "git_sha": "b'a396254f786f11935698211c67eb64fd148a7968'",
    "homepage": "http://redisgears.io",
    "license": "Redis Source Available License Agreement",
    "min_redis_pack_version": "6.0.12",
    "min_redis_version": "6.0.0",
    "module_file": "redisgears.so",
    "module_name": "rg",
    "optional-dependencies": {},
    "os": "Linux",
    "overide_command": [
        {
            "command_arity": -1,
            "command_name": "rg.trigger",
            "first_key": 2,
            "flags": [
                "readonly"
            ],
            "last_key": 2,
            "step": 1
        }
    ],
    "ramp_format_version": 1,
    "run_command_line_args": "Plugin /build/bin/linux-x64-release/gears_python/gears_python.so",
    "semantic_version": "1.2.3",
    "sha256": "57e1050b6253fe963570beb10409dd2fc6f6ee2cc71cf8d5eb8400f4265ac038",
    "version": 10203.0
}